Workbook,Sheet_Name,Rows,Columns,Status
Forest,ANTI,333,29,Active
Forest,CATO,805,29,Active
Forest,CHOH,2202,29,Active
Forest,GWMP,386,29,Active
Forest,HAFE,422,29,Active
Forest,MANA,465,29,Active
Forest,MONO,370,29,Active
Forest,NACE,684,29,Active
Forest,PRWI,2463,29,Active
Forest,ROCR,289,29,Active
Forest,WOTR,127,29,Active
Grassland,ANTI,3588,29,Active
Grassland,CATO,0,29,Empty
Grassland,CHOH,0,29,Empty
Grassland,GWMP,0,29,Empty
Grassland,HAFE,117,29,Active
Grassland,MANA,1811,29,Active
Grassland,MONO,3015,29,Active
Grassland,NACE,0,29,Empty
Grassland,PRWI,0,29,Empty
Grassland,ROCR,0,29,Empty
Grassland,WOTR,0,29,Empty
